Name,Math,Science,Art,History,Geography,Average,Grade
Lisa,100,100,100,100,100,100.0,A+
Ufoma,50,50,50,50,100,58.333333333333336,C
Ufoma,50,50,50,50,100,58.333333333333336,C
Isaac,90,90,80,90,80,85.0,B+
Ehlo,90,90,90,90,90,90.0,A
