Name,Math,Science,Art,History,Geography,Average,Grade
Lisa,100,100,100,100,100,100.0,A+
Ufoma,50,50,50,50,100,58.333333333333336,C
Ufoma,50,50,50,50,100,58.333333333333336,C
Isaac,90,90,80,90,80,85.0,B+
Ehlo,90,90,90,90,90,90.0,A
Lisa,30,39,28,38,89,44.0,D
Dia,100,100,100,99,100,99.83333333333331,A
isaac,80,80,70,80,70,75.0,B
