Name,Math,English,Science,Art,History,Geography,Average,Grade
Lisa,100,100,100,100,100,100,100.0,A+
Isaac,10,10,10,10,10,10,10.0,F
Ehlo,80,70,60,50,40,30,55.0,C
Ufoma,100,10,90,10,10,10,38.333333333333336,D
drake,100,100,100,100,100,100,100.0,A+
Dia,60,60,60,60,60,60,60.0,B-
Lisa,60,40,60,40,60,38,49.66666666666666,D
isaac,70,70,70,70,70,70,70.0,B
